# Source-confirmed OnlyFap creator names; name<TAB>aliases.
# Generated at development time from reviewed seed and configured creator sources.
# Fapello new listing next page: 401
171jun1999
1980'S & Early 90'S Page 3 Girls
2003_virgie
26jarla
28.leyla
48_pxnmoxk	48-pxnmoxk-79
4quiqui
77_sunnyyy
978.kjm
aanyskh
Aayu Choudhary
Abbie Gibbs
Abby Addison
Abby Boom	abby-boom-38
abbyhuxley	abbyhuxley-3
AbbyWinters	abbywinters-9
Abella Danger
Abigailonfleek
Abimartinezre
Actress Alekirser	actress-alekirser-2
Actrice J'M Disparue Des Radars..
actuallyyhelen
Addison Rae	addison-rae-3
Addison Riecke
Addyson James
Adelalinka Twins	adelalinka-twins-1
Adeline Murphy
Adi.pop
adiacosplay
Adonis Tuku
Adriana Campos Salazar
Adriana Chechik	adriana-chechik-4
Adrianaxlove
Adrianna Nicole
Adrianne Ho
aestheticluna
aesthymes	aesthymes-1
Agatha Melissa
Agathe Teyssier
Agnes Mctighe
Agnesshy
Agustina Princeshe
Agustina Redes
Ahailoh
aiiygatorz	aiiygatorz-1
AikoAsia
Aili Minami
Aim Stage
aimeee
Aishah Sofey	aishahsofey
akajenselter
Akanksha Ruskin	akanksha-ruskin-1
Akemy Sama	akemy-sama-3
Akidearest	akidearest-3
Akumadiesoon
Akutles	akutles-2
Alahnaly
Alaina Paige	alaina-paige-1
alana15
Alanah Pearce	alanah-pearce-1
Alane Pereira
Alaniz Gallardo
alaskkag	alaskkag-1
aleeee_mav
Alejamadness
Alejandra Rojas M.
Alejandra Villarreal
Alejayvt
Alekscole	alekscole-24
alesenjougahara
Alessandra Liu	alessandra-liu-101
alessia barbarossa	alessia-barbarossa-1
Aletta Ocean	aletta-ocean-33
Alex Aljoe
Alexa Pearl
Alexa Vidal
alexagrasso
alexandra.papae
Alexandra Volkov	alexandra-volkov-21
Alexandragalatan
Alexia Magallon	alexia-magallon-1
Alexis Bumgarner	alexis-bumgarner-3
Alexis Fawx
Alexis Ren
Alexis Texas	alexis-texas-113
Alexisaevans	alexisaevans-25
alexisrosevigrass	alexisrosevigrass-4
alexmidiaz
Alexox0	alexox0-28
Alexxa A
Aleyna Aleynabaddie	aleyna-aleynabaddie-1
Alharvs
Aliaklubnisnko
Aliana King
Alica Schmidt	alica-schmidt-1
Alice_bitch
Alice.dubois
Alice_in_wonderland18
Alice Monnyskhana
Alice Peneaca
Alice Rosenblum	alice-rosenblum-40
aliceiloves	aliceiloves-49
Alicemoonvip	alicemoonvip-1
aliceschulz
Alicia Lacao
Alina Becker	alina-becker-8
alina.dmlr
Alina Enero
Alina Keskin
Alina Lopez
Alina Lopez - itsalinalopez	alina-lopez-itsalinalopez-3
Alina Wachinger	alina-wachinger-2
Alina Wagner
alinaangel	alinaangel-5
Alinahrndz	alinahrndz-3
Aline Meyer
AlineFouche
Alisa Kislyakova	alisa-kislyakova-1
Alischa.mlr	alischa-mlr-7
Alison.clh
Alissa Harrington
Alissa Marija
alittlevalentina
aliviarose
AlixFullerton
Aliya Will
All over 30
Alla Bruletova
Alla Mephistopheles
Allie Rivers
Allie Sherlock	allie-sherlock-1
allielovesyou
Ally Louks
Alma Maldonado
AlmaLibre
Almira Azemi
Altius_cos
Always Noir
Alx02bnb
Aly_lucie
Alycia Mojica
Alysa Ruppert	alysa-ruppert-3
Alyssa Alessio	alyssa-alessio-5
Alyssa Campos
Alyssa Dodge
amaddiction
Amalia Davis
Amanda Anisimova
Amanda Blue
Amanda Brinkley
Amanda Cerny
Amanda Cherundolo	amanda-cherundolo-3
Amanda Ciss
Amanda Gold
Amanda Nchoma
Amanda Seyfried	amanda-seyfried-1
amandamiller
AmandaTouch	amandatouch-1
Amandine Petit
Amandla Stenberg
Amara Maple
Amarettosaurrr
Amarie222
amateurshe
Amber Ajami	amber-ajami-43
Amber Miller
Amber Rose
Amber Rose And Kaitlynn Anderson
Ambernyy	ambernyy-7
Amberroseluv
ambie_denise
Amela Omor
Amelia Dimoldenberg
Amelia Gray Hamlin	amelia-gray-hamlin-1
Amelia Wu
Amelie Manzoli
America Soto
Ami_Katana	ami-katana-3
Amina Malakona
Aminata Belli
Amirah Adara
ammeerrss	ammeerrss-133
Amouranth
Amy Anderssen	amy-anderssen-19
Amy Cutie Xoo
Amy Fantasy
Amy Green
Amy Hart	amy-hart-3
Amy Quesada-Getgood
Amy Starr
Amy Thompson
Amybeth McNulty
An Gi
Ana B	ana-b-1
Ana Castela
Ana Cheri
Ana Clara Lima
Ana Foxxx	ana-foxxx-10
Ana Furtado
Ana Hissa
Ana Lorde
Ana Pacella
Ana Paula Necre	ana-paula-necre-1
Ana Piotrowska
Anabel kissedy	anabel-kissedy-1
Anabel054	anabel054-2
anac_gtz	anac-gtz-1
Anais22360
Anamont Naddie
Ananda Morais
Anastasia Veretnova
Anawa Unlimited
Anayami
Andee Mind	andee-mind-7
Andi Land	andi-land-1
andjalorein
Andrea Ando
Andrea Guibert
Andreala Vaquerita
Andreia Drigo
Andressa lancy
Andressa Soares
Aneliz Leon
Anfisa Riazhkina
Ange ASMR	ange-asmr-3
Angel.Baby	angel-baby-10
Angel Fernandez	angel-fernandez-8
Angel_sensuelle
Angel Tender
Angela Elena Stadelmann
Angela White	angela-white-103
Angelaincollege	angelaincollege-13
Angelalala	angelalala-3
Angelbunnigrl	angelbunnigrl-6
Angeleyes222
Angelica Trae	angelica-trae-1
Angelina Engel
angelina_jones
Angelina Taylor
Angie Karaminkova	angie-karaminkova-1
Angie Lopez Ibague
Angievarona	angievarona-11
Angx.z650
Anita Blond
anita_raev
Anita Rover	anita-rover-7
Anja Hopf
Ann_pow
Anna Arango	anna-arango-1
Anna-Christina Schwartz
Anna Engelschall
Anna Gandler
Anna Iffländer	anna-ifflnder-2
Anna Kostenko
Anna_Love1
Anna Maligoshika	anna-maligoshika-57
Anna Malygon	anna-malygon-153
Anna Nicole Smith
Anna Obermoser	anna-obermoser-10
Annabel Lucinda
Annabella_Germany18
annacherr
Anne Moore
Anne Smiles	anne-smiles-1
annem_eh
Annette Warburton	annette-warburton-1
Annie Knight
Annnkaaaa_
Anntatt
Anny Lima Marcondes	anny-lima-marcondes-2
annyaurora
Antonella chile
Antonia Hemmer	antonia-hemmer-4
Antonia Rot	antonia-rot-39
Aora.dj
Aphroditexxx
Apple Martin
aquajuniperx
Arabiandrug
Arasha Lalani
Ari Kytsya	arikytsya
Ariana Bassey
Ariana Cortez
Arianaa White
Ariane Seguillon
arianicolex
ariaxxo	ariaxxo-3
arielka
Ariella Ferrera
arig088_	arig088-2
Armpit Fetish	armpit-fetish-4
Artemova Kate
Aryminh	aryminh-26
Aryna Sabalenka
Asa Akira
Asacutesa
Asaliraniii
ash4huniid
ashhcashhh
Ashlee Davis	ashlee-davis-4
Ashley Alexander
Ashley_VIP
ashleysummer
Ashlyn Rowland
Ashlynn Sunmerlin
Ashuragami
Asian Babe
Asian Da Brat
Asian_Model	asian-model-2
Asianbbcluvr
asianiina	asianiina-1
Asley Fabello
Aslhey Matheson
Aspen_ow
Aspyn Summer
Astrid Quijada
Astrid Wett
Athena Heart
atzenfodse222
Aubrey Hannah
Augusta Cook
Auhneesh Nicole
Aura Malk
Aureablonde
Aurelie Biondi
Aureline_8
Authentic_kelly4
Autumn Falls
Autumn Jade
Ava Addams
Ava Amira
Ava Barone
Ava Bray-Bramble
Ava Corrente	ava-corrente-1
ava_delightt
Ava Michelle
Ava Nicks	ava-nicks-22
Avaa.lynn
avaadore
Avaangel92
avagothgirl	avagothgirl-1
avasuun
Avazev
avellaneda
Avery Woods	avery-woods-1
Avi Muun
Awakeproductions
Awalmartparkinglott
Axel Reed
Axelle Maga
axellejdh
ayaattt
Ayaka Takahashi
Ayame
Aylingarciaofficial
Aynmarie	aynmarie-15
Ayu Latifah
Ayytrae	ayytrae-1
Azealia Banks
AZM
Babe Foxy
Babe Tsai
Babestation Lola
babi.bunni
baby_bew
Baby Riley	baby-riley-1
Babyally2
babyclo
Babygirl.country	babygirl-country-1
Babyjayne	babyjayne-4
babylilly
babymangpor
bad.grl_
Badgalantii	badgalantii-4
badgalriri
Badia Ettalabi
badmiamimami	badmiamimami-10
badmomzjay
Bailey Bass
Bailey Bell	bailey-bell-2
Bakachi_Cos
Ballsinmycourt
bambi.00o000
Barbara Palvin	barbara-palvin-1
barbaragambatesa	barbaragambatesa-1
Barbi2137	barbi2137-2
barbie hump
BareBackPackers	barebackpackers-8
Barista Erica	barista-erica-15
Baroness Davina Dust	baroness-davina-dust-1
Bb Trickz
bbright.duskk
BBW, Fat Or Chubby Models
Bbw & Ssbbw Cam Girls
Bbyelizaaaaa
bbyhayyy_	bbyhayyy-2
bbyluckie	bbyluckie-25
bbysavxoxo	bbysavxoxo-1
Bdelicacy
Bea York	bea-york-102
Bebelolita
Bec Rawlings	bec-rawlings-14
Becky Evans
Becky G	becky-g-1
Becuncensored	becuncensored-16
beeboogirl
beephillips
Beescuit Asmr
bela_ssincera
Belinda Sanstabous
Bella Batista
Bella Bbydoll
Bella Brookz
Bella Donna	bella-donna-2
Bella Fernandes
Bella Fleurre
Bella Noir
Bella Retamosa	bella-retamosa-3
Bella Thorne	bella-thorne-134
Bellaagain
bellalis
Belle Belinha	belle-belinha-9
Belle Claire
Belle Delphine
Belle Rose
belle2525	belle2525-10
bellefleurrr
Berfin Mercan
Berni Bernadetta
Betajizzplus
Bethystory	bethystory-1
Betty Taube
Bexie Williams	bexie-williams-1
Bhad Bhabie
Bia Kimii
bialorenz
Bianca Andrade
Bianca Bustamante
Bianca Censori
Bianca Molinas
Biazinhakk23
Big Brother Girls	big-brother-girls-1
Big Milkers Dalia	big-milkers-dalia-1
Big Naturals
bigtittygothegg	bigtittygothegg-334
Bijouxsexy_28
Blac Chyna
BlackShotooo
BlackWidof	blackwidof-50
Blake Blossom	blake-blossom-10
Blakely Carter
Blazingoth	blazingoth-44
Bleudidthat
Blondafterdark
Blondehunx
Blondie Jolie
blondie.lilllie	blondie-lilllie-7
Blondie Tiffany
blondielsa
Blondinka Drive Angelina
Blosmere
BlueMel
bluhuhh	bluhuhh-1
bluntpuppie
BluTube
Blxckheart00	blxckheart00-3
Bo Bragason
Boa-kiss
BobacoreCos	bobacorecos-1
Bobbi Starr
Bobbie Moore
bollywoodtrapqueen	bollywoodtrapqueen-1
bombastic_asstastic
Boneserot
Bonnie Blue	bonnie-blue-47
Bootylicious_barista
bottleofashes
Boudoir
Bougie_bb	bougie-bb-70
Boyslovelex
Brandi Love	brandi-love-8
Breckie Hill
breebunn
Brenda Trindade	brenda-trindade-1
Briana Smith
Brianna Christine	brianna-christine-23
Bridesque
Brie Belle	brie-belle-33
brieanneroksa
Briki Cos
Britney Amber
Britney Spears
Britta Hofmann
Brittany Taylor
brittanywillow
Brittnee Rae
britzaaaa
Brizsinha
brklyn999
Bronwin Aurora	bronwin-aurora-15
Brooke Vincent	brooke-vincent-1
Brookebullock
Brookie Little
Brooks Nader
Brothalovers	brothalovers-37
Bruna Iorc	bruna-iorc-4
brunettebarbie.ve	brunettebarbie-ve-8
Brunettemaria
Bryce Dallas Howard
bubblegumtoes
bulimcoffspring
bunnada watthanachotkitti
Bunny Colby
bunnyloves
bunnysofi
Burch Twins	burch-twins-83
Büşra çabuk	bra-abuk
Busty Ema	busty-ema-25
Bustypr1ncess
Busy B ASMR
Buttholes
bxddstintheegamee
Caffeine_Crushh
Caidence Fuller
caiityya
Calie Skye	calie-skye-1
Calista.clin
Calista Melissa	calista-melissa-16
Call_me_eilleen
Callina Liang
CallmeSlo
Camarodragracingchic
camicat045
Camila Cabello
Camila Parker
Camilla Araujo
Camille
Camille Froment
Camillebd	camillebd-9
Candice Demellza
Candie Luciani
Candied Carly
Candly Lee
Candy Queen
Candy Samira	candy-samira-11
Candylion Cosplay	candylion-cosplay-2
Cane4ufy
Canniny
capibonita
Capri Remi
Captain TigBits
Cardi B
Cardin Isabelle	cardin-isabelle-4
CarinaNie
Caritoalaparato
Carla Baby
Carla_crl
Carla Moreau
Carli Maueer	carli-maueer-2
Carli O'Hara
Carlifae
Carly Kiss
Carmen Blair	carmen-blair-1
Carmen Electra
caro.lnw
Caro Sophie
Carolina Guerrero
Caroline Zalog	caroline-zalog-176
Carrie &Quot;Butterfly&Quot; Turner
CasabellaXo19
Casais Vazados	casais-vazados-3
cashqueen_00
Cassandra Nicole
cassie_coconut
Cata1010
Catalina Rossa
catandcody
Catarina Ramos
Catastrophiclarawr
Caterinadigiovanni
Catherine Art	catherine-art-12
Catlilywoo
catnobu	catnobu-1
catsreadings
Cattie Cospy
catyziinha
Catzilla	catzilla-1
Cavinder Twins Haley&Hanna
Cayenna Wiley	cayenna-wiley-2
cc979
cecerosee	cecerosee-56
cecesplayhouse	cecesplayhouse-1
Cecile Haussernot
Cecilie Hoyer
Ceddytheentertainer	ceddytheentertainer-2
Ceetzie
CelestialSpider
Celia Avy
Celina.psr
celina_x31	celina-x31-2
celinvie
Ceosberry
cerhawk	cerhawk-1
Ceydabaddie
Chaela
Chandler South
Chandrika Passionica	chandrika-passionica-5
Chanel Camryn
Chanelcollard
Channa La Pote De Cleo Cass Acrobate
Chantel Monroe
Chappell Roan
Charithra Chandran
Charli XCX	charli-xcx-8
Charlie_euss
Charlotte Ashley
Charlotte Sartre	charlotte-sartre-3
Charlotte Stokely	charlotte-stokely-2
Charm Daze
charming_girl	charming-girl-35
Chasseusedame
Chastity Lynn
Cheer.bearr22	cheer-bearr22-23
ChefTova
Chelsea Green	chelsea-green-2
Chelsea Marie Artiaga
chelseachels	chelseachels-5
ChelzPanda
Cherie DeVille	cheriedeville
Cheriybomb
Cherokeebadd
Cherry Crush	cherry-crush-15
Cherry Evelyn
Cherry Rebelle	cherry-rebelle-1
cherrycrush	cherrycrush-57
Cherrylidz
Cherrypopxox
Chiara Bianchino	chiara-bianchino-1
chica da silva
Chillism Suicide
Chinnipha Khlaichans
Chl0377	chl0377-24
Chloe Bree Rose
Chloe Cherry
Chloe Chevalier	chloe-chevalier-5
Chloe Streatfield
Chloe Summers
Chloebellexo	chloebellexo-2
Chloecoral Chloe_Coral
Chloethehokage	chloethehokage-1
Chrisii_l
Christian Clay
Christin Black	christin-black-64
Christina Chong
Christina Green	christina-green-2
Christina Markus Green
Christina Sage
CHU
ciggybae
Cindy Bastien
cindycrawford
Cintia Tan
Cirizzle
cirizzzle
citcalagretni
City Girls
CJ Sloan
Claire Estabrook	claire-estabrook-12
Claire Molin	claire-molin-2
Claire Wilde
Clara Dao	clara-dao-14
Clara Galle
Clara Mia
Clara Nunes	clara-nunes-2
Clarus Polaris	clarus-polaris-7
Claryssa Barbosa
Clarysse Pereira
Claryzr
Clea Gaultier	clea-gaultier-15
Cleaning Mommy
Cleomarceau
coatzintli
coccomarie
Coco Austin
Coco Yogi	coco-yogi-4
Codein_Koala
Codithyus
Coi Leray	coi-leray-1
Colette Cherry	colette-cherry-2
Colleen Sheehan	colleen-sheehan-59
Colomba Asmr	colomba-asmr-1
Comatozze Uma North
Combemma
Comeovwhenursober	comeovwhenursober-21
coneyislandbaby
Connie Booth
Contessa Vivalia
Cora Diamond	cora-diamond-12
coraldom
Corinna Kopf
Corinuzda
Cornelia Ritzke	cornelia-ritzke-75
cornlorn
Cosmic Lova
cosmiickitten	cosmiickitten-5
Cosplayhannah
cosqwq
Coug Hentai
Coupledreamx	coupledreamx-1
Coupleteens199
Creamberryfairy
crissvafeetlove
crxssy.3
crybabydoll	crybabydoll-1
cuddlyboy_
Cumshawty
CurlyWurdy
cursedarachnid	cursedarachnid-7
cute00kiara
CuteJuliaa	cutejuliaa-1
cuteyani
cutie_cloudie
cutiee_stacy
cutiekimberly
cutiexally
Cyberpunk 2077
Cynthia Rothrock
DadCrush	dadcrush-16
Dagi Bee
Daily Camgirl Videos &Amp; Live Cam Highlights
daisyfayer	daisyfayer-3
Daisyjonesx
Dakota B ASMR	dakota-b-asmr-1
dalayjk
Dalylarose	dalylarose-2
Dana DeArmond	dana-dearmond-16
Dance Malyshka
Dani Angel
Dani Colby
Dani Daniels	dani-daniels-1
Daniela Fainus
Daniela Katzenberger
Daniella Chavez	daniella-chavez-2
Danielleberry
Danny D	danny-d-19
dannydann09
Dany Gis
daoy8
Daria Aref
Daria Kaplan
Darilate
_Darkcupcake_	darkcupcake-3
Darlin Rivas
Davika Hoorne
daxaxa
Dayan Bernal
Daycem
Daydream Daisy
Daysialejandraa
dazey.xo	dazey-xo-4
Dc Trousersnake
Ddelphine
De.ennex
deadgirlmars	deadgirlmars-1
Dear Chuu	dear-chuu-4
Dear.mathilda	dear-mathilda-13
dearmoa
Debbie St Pierre	debbie-st-pierre-7
Dedeeelof
Deeisaud	deeisaud-1
Deffo_Depresso	deffo-depresso-2
defiantpanda	defiantpanda-83
Deinebianca	deinebianca-7
deineeleyla	deineeleyla-16
Delaia Gonzalez
Delaney Rowe
Delfi Klein	delfi-klein-2
deliahgrace369
delillahfaun
Della Cate
Demi Rose
Demi Scott
Demitra Kalogeras	demitra-kalogeras-2
Dengjyue
Denise.mski	denise-mski-4
Denise Richards	denise-richards-60
deraangela
Desire Ludwig	desire-ludwig-1
Desiree Desire	desiree-desire-11
desk1er	desk1er-9
Develique
Devochka S Severa	devochka-s-severa-1
di6naz
Diana Guti
Diana Lawrence
Diana Schell
didaenerys
didshereallyomgg	didshereallyomgg-24
diegomineiro
diekatharina
Digitalkatt
dilaraxari
Dilecorradengo
Dillon Harper
Diovana Konigsreuter	diovana-konigsreuter-7
dirtycommiegf
dirtycouple52	dirtycouple52-1
dirtyxngel
Dis Dallas
discolita	discolita-1
Divine_tentation
Divine1_1Deity
Divinexdoll	divinexdoll-6
Divya Sri
Dnzsypnr	dnzsypnr-7
Doina Barbaneagra
Doja Cat
Dolabunnyy
Dollblush	dollblush-1
dolliedead
Dolly Dyson	dolly-dyson-17
DollyCastro	dollycastro-24
dollydrunkeyes	dollydrunkeyes-1
Domme Bombshell
domqueenlo
Donna wild cat	donna-wild-cat-5
Donna Wildcard	donna-wildcard-31
Dora Madison Burge
Doreen Steinert	doreen-steinert-8
doreen9601
Doriina.secret
dorkamazura
Dossier Madagascar
Dr.Jen Caudle
drstretchxxx
Duaalupita_
DudeTL
e_chi_h
ealiesia
easy99
Ebanie Bridges
ebo_goddessvip
edafoxx
Edda Elisa	edda-elisa-7
Eduarda Bezerra
Eduarda Gutierrez
eeelyeee
Eefje Depoortere
EileX
eimigirl
eivalf
Ekatze007
Elain3uwu	elain3uwu-1
electrish85
Eleemoon	eleemoon-7
Elena_tight
Elena Zoe	elena-zoe-10
elenalehman
Eli Elisa
Eliasxxz / Artbitch_
elifmusic
Elina Shein	elina-shein-18
Elinablonde
Elisa Aline	elisa-aline-9
Elisa Meiana
EliteMomma_69
Elizabeth Chase Olsen
Elizabeth Harris
Elizabeth Hurley
Elizabeth Olsen
Ella Adams
Ella Beatty
Ella.h_xoxo
Ella Kastan
Ella Lee
ella.livingstonn
Ella Mendelsohn
ella_official_xo
ellacr75
ellakalinin00
ellapetiteee
Elle Brooke
Elle Fanning
Elle Jean
Ellie Bamber
Ellie Edwards	ellie-edwards-2
Ellie Skyes	ellie-skyes-1
Ellie The Empress	ellie-the-empress-87
ellieleen	ellieleen-2
elloysaoficial
Elly Clutch	elly-clutch-75
Elsa Blaze
Elsa Bois
Elsa Jean
elsa.thora	elsa-thora-4
ElviraMilf
Emfox.png	emfox-png-31
emi_rtr_04
Emiigotchi	emiigotchi-7
Emilia Clarke	emilia-clarke-1
Emilia Jones
Emilia Mernes
emiliajolie	emiliajolie-2
Emiliallure	emiliallure-28
Emiliarenee
Emilie Bellule	emilie-bellule-3
Emiliedvlt
Emiliia.ar
Emily Black
Emily Cheree	emily-cheree-39
Emily Hill	emily-hill-3
Emily Hopkins
Emily James Ward	emily-james-ward-1
Emily Ratajkowski
Emilybrowm
Emilylior
emilysmithh06	emilysmithh06-1
emilytny	emilytny-1
emilyyburns	emilyyburns-14
Eminicoletaa
Emiru	emiru-35
Emma Cole
Emma Corrin
Emma_cute7
Emma Fernlund
Emma Fischer
Emma Hix
Emma.kat.22
emma_kitten
Emma Klein
Emma Magnolia
Emma Markin
Emma Montero
Emma Riott	emma-riott-2
Emma Ross
Emma Salkeld
Emma Strawberry
Emma Thorne
Emma Watson	emma-watson-1
Emmaaross
Emmastockings
Emmy Rossum
Emmymxoxo
emycaline
enchant_baby
Endoftheseas	endoftheseas-1
Enkai987
Enthus1asmm
Enulie Porer	enulie-porer-6
Enyaarwyen	enyaarwyen-2
epicinternetgf	epicinternetgf-21
Era Queen
Erica Jean
Erica Mena
Erica Swanner
ericalynn.2
Erika Pereira
Erika Saraceni
Erika Wachter
es.lain
Esposa
Esposa Heyya
Estefania Rodriguez
Estefy Shum
Etwas neugierig
Eva Andressa	eva-andressa-5
Eva Elfie	eva-elfie-36
eva_fashioneva	eva-fashioneva-9
Eva Team Nasdas
Evadorable
evaelfie_xoxo	evaelfie-xoxo-7
Evanna Lynch	evanna-lynch-1
EvaRmore
evasofiaa
evebabeqt
Evelin Stone	evelin-stone-3
Evelyn Ha
Evelyna Exclusiv
eveyour_apple
EvilKaya
EvynAleks	evynaleks-6
Ewa Simpanen
Ewazuzanna
Exibam Sua Companheira	exibam-sua-companheira-4
Exolation	exolation-2
Exploited Teens
eyFreundin
Ezy Summers Cosplay
fabienne.0805	fabienne-0805-115
fabienne.hlle
faey211
Fafamineuse
Faidia_off
Fairy Quad Mother
fairytailcrossing
Faline San
fallenemoangel	fallenemoangel-1
Fanny Agostini
Fantasybabe
FantasyLulu	fantasylulu-10
Farbenfuchs
Farm Girl
fcyacr
Federica Corona	federica-corona-6
Feedeline	feedeline-1
FeelDesired
feli_leonie
felvelial
Fera.tmz
Fernandita Tattooer
ferrerofficial
Feyisayo Otubusen	feyisayo-otubusen-1
fiammisxagainn	fiammisxagainn-29
Fille Des Ile
filmsofjupiter
Final Fantasy VII
Find Alice In Wonderland
Finleyfae	finleyfae-38
Fionachen
FionaMommy
Fioonaax
FireTypeMommy
Fishing With Luiza
fishy.cosplay
fitbyesma
fitbyhannaah
Flavia Leite
Flescitoahc
Flordeufinch
Florie Cossu
flowerpetalxx22
fluffylewdcades
FonlinStop5656
forest-fox	forest-fox-2
foxyviking	foxyviking-7
foxyy_megan
franditellaa
Frankie Bridge
Frankie Hollywood	frankie-hollywood-1
Franxezka Ezka
Franzen
franzi_bl	franzi-bl-1
freckledeer	freckledeer-1
Free Ai Video Fakes
Freya Amari
freyah
Fuuwa Kuroda
Fxturewars	fxturewars-17
fyona.paris
Gabbie Carter
Gabbiymallu
Gabby Ellis	gabby-ellis-1
Gabby.hua
Gabbyliz013.
Gabi Gagliassi
gabi.p_xx
Gabi Volkova Etogabi
Gabriela A
Gabriela Tevier
Gabriella Lester
gabsshin	gabsshin-5
Gaby Lozoya
gabychaaw
Gala Bella
Gali Golan
Garibocan
Garimpo Shopee
Garotas De Aracaju	garotas-de-aracaju-1
Gatita Veve
Gavrilka
Geecamacho_
GeishaKyd
geljelly
Gemelasa Bello
Gemma Massey
Genji Ketit
gentle_killers
geocasts	geocasts-4
Georgia Brown
Georgiarealx	georgiarealx-4
geovmomo
Geraldine Viswanathan
Gerlinde Jaenicke
Geum Hannah
GGWithTheWap
Gianna Dior
Gianna_serbini
Gianna White	gianna-white-4
gigibrooke
Gina_jang	gina-jang-1
Gina Savage	gina-savage-20
Gina Wap
gingdabun
Ginger Amy	ginger-amy-3
Gingerfrida
gingerfridaj
Gio Scotti
Giovanna Campomar	giovanna-campomar-10
girl_julia
girlnexxxtdoorrr
Girls Play	girls-play-1
GirlsDelta
Girlvinishko
Giselle Palmer
Giselle.Scarlett
Gissel Gomez
Giulia_snz	giulia-snz-2
Giulie.tte
giuseppa
Gizelle Fuentes
Gizem Bilgen
Gkougkouu
glamorandus	glamorandus-1
Gloria Bernardi
Gloria Matvien
Gloryholehotwife
goddess.kundalini
goddess_suzie
Goddess Sylvanas	goddess-sylvanas-10
Goddess Victoria
GoddessJessyXXL
Godzaline2409
Goldenraetio
Goldie Glock
Goodnino
gosspodja
Gostosas Do Rio Grande Do Sul
Goth Aria
GothGirlAbyss
Grace Beverley
Grace Charis
Grace Fahey
Grace Hayden
Grace Whitely
Gracen Kerr
Gracyanne Barbosa	gracyanne-barbosa-13
Grapepham
greedyevelyn
Gretalck
Gretta Potts
GrettaGrand
Grisel porno
Gwendolynceline	gwendolynceline-38
gwenlive
Gym Booty Bubble Butts	gym-booty-bubble-butts-1
gymfreshman	gymfreshman-2
Gypsi_fit
HachikoMusic
Hadise
Hadly Knownaries
Hailey Welch
Hairy
Haleyybaylee
Haliey Welch	haliey-welch-1
Hana Saito
Hanna	hanna-2
Hanna_vka
Hannaahcarolina	hannaahcarolina-1
Hannah Audrey
Hannah Barron
Hannah Bouchard
Hannah C	hannah-c-1
Hannah Garske
Hannah_morin_
Hannah Skys	hannah-skys-10
Hannah Sofia	hannah-sofia-4
happylittlesprout	happylittlesprout-6
happyluna
Hard Body Mona
Harleereed28	harleereed28-1
Harleysinnx
harmonyreigns
Harrie Silver
Hatethisblanka
HathorGoddex
Haxxnini
Hayley Alexis	hayley-alexis-9
Hayley-Marie Coppin
haylujan	haylujan-8
HayMartinn	haymartinn-1
Hazel Yogi
hazel77
Hazyhaleynicole
Heather Bowling
Heather Graham	heather-graham-3
Heavensentjoyx
hehehoohoojaja
Heidi Corinne
Helen Mirren
Helenaakln	helenaakln-21
helenakingsoul	helenakingsoul-1
Heline Fay
Hella Gabbert
Heloise Hut	heloise-hut-268
helydiaa
Hemomal
Hentai Mangas
heralteregoo	heralteregoo-10
Hermanitas
heylyssten	heylyssten-46
Hidori Rose	hidori-rose-1
Hilona Gos
Hime Tsu	hime-tsu-19
HiSofia
holly.raymond
Holly Secrets	holly-secrets-9
Holly Sonders
Honey Tsunami
Honeyamnesia
Honeybarb
HoneyBunny18
honeydune
Honeygriffin
Honeypuu	honeypuu-3
Hongbin
Hope Heaven	hope-heaven-4
Hoppy Floppy	hoppy-floppy-5
Hot Busty Wife
Hotbrunettewife	hotbrunettewife-7
Hotcouplekinkycams
Hotmomjane
Hotmomma
Hottie Hole
HOTWIFE_Joanna
Hotwifepoppy
Hubbywifeyof
Hulda Lopez	hulda-lopez-6
husvjjal	husvjjal-5
Hwasa	hwasa-1
hydracrystals
_hyo_______
Hyperreaaal
Hyunji Queen
i2lovetoast
Iamlucyy	iamlucyy-1
Iamtheleafblower
Ian Scott
Iasmin Melo
Ibabyrainbow	ibabyrainbow-65
iced.scarlet
Ici Tout Commence
Idalin Savvulidi
ideve
Iggy Azalea
ihateremy	ihateremy-37
Iiaxgym	iiaxgym-5
Iittlemismel
Ika D'Auria	ika-d-auria-39
ikkimel	ikkimel-13
Ilana Glazer
Illona Brg
ilonamaher
iluvjuicy247
Ilya Wilson
Iman.Sophiee
imfaii
Imogen Thomas
Imonlytyler
imsiiimone	imsiiimone-1
Inde Navarrette
india Bronzeada
India Grace
Indian Naughty Stuff
Indian Tango Girls
Indiana Dream Girl
Indianarajapa
Ines Khairi
inessbnny
InTheCrack
InvaderVie
Invelsheart
Irina Shayk
Irina Slovak
Irina Telicheva
Iris Adamsone
Iris_babyy
Iris Kandy
Iris Laurent
Iris Mittenaere
Iris Vallarani
irl_kate
Isabeau
Isabella Ardley	isabella-ardley-23
Isabella Lacerda
Isabella Maria DeLuca	isabella-maria-deluca-3
Isis Fashion Awards
iStripper
It’s Bonnie, Bitch
Italian Nude Vips
Itisemimarie	itisemimarie-3
Its_me_melii
itsangelinabae	itsangelinabae-5
itscandycloud
itsevel
itskatchii	itskatchii-15
itslizaxenia
Itsmisabell
ItsOnly_Feli
itsrealminnie	itsrealminnie-1
itstinylana
Iva Popovic Iivapopovicc
Ivana Duplaskorpija
Ivana Knoll
Ivana Miotti
Ivana.nvr
Ivannaonly
Ivieenova
Iviroses	iviroses-47
Ivy Blake
Ivy Liu
Ivy Wolk	ivy-wolk-1
Ivyafterdark	ivyafterdark-1
IvySky	ivysky-1
Iwona Tokarska
Izaandelle
Izabella_Sin
Izzy Moreno
Izzy Swin
Izzy Tuchman
j_a_b_n
j_curly_
JackandJill	jackandjill-83
Jacklyn Roper	jacklyn-roper-4
Jacqueline Caldas
jacquihunnyyyy
Jadah Elofson
Jadanah
Jade Jayden	jade-jayden-17
Jade Lavoie	jade-lavoie-8
Jade_vnd
Jade6000
Jadelrss
Jady Ink
Jaidah Rae
jailalala
Jaily Neojeda
Jailyne Ojeda
Jajajsbssjzjzj
Jak Knife
Jake And Jamie
Jameliz
Jan Marie
Jana Colovic
Jana Maier
Janaalina.st	janaalina-st-1
Jandanielle	jandanielle-3
Janine	janine-1
Jannat Hatice Ovsie
Jaqueline Silva
Jasi Jordan	jasi-jordan-18
Jasmin Aurora	jasmin-aurora-18
Jasmin Endres	jasmin-endres-5
jasmin.reyeshn	jasmin-reyeshn-1
Jasmin Winhart
Jasmine Abrams509
Jasmine Doobert
Jasmine Hernandez
Jasminendres
Jasminorris
Jasminx	jasminx-16
Jason Luv	jason-luv-3
Jav Actress Gravure
|Jax Slayher	jax-slayher-22
Jaya Araye Williams
Jayanti Sarkar
jaybae.xo
Jayblazedd	jayblazedd-2
Jaycee Jones
Jayden Jaymes
Jaydyn444
jazzjennings_
jazzthestallion
JazzyGuns
Jazzz_Mel
Jchronicals Joy
jd_exotic
Jeanne Brem
Jeannie-Naomi Wagner
Jeans2022
Jeewon
Jellefeline
Jem Wolfie
Jemma_Hex
Jen Hamilton
jen19940728	jen19940728-3
jeninthemirror
Jenna Baccari
Jenna Haze	jenna-haze-35
Jenna Lynn Meowri	jenna-lynn-meowri-126
Jenna Ortega	jenna-ortega-2
jennajenovich
Jenni Lee
Jennibaebi
Jennifer Ehle
Jennifer English
Jennifer Lauret
Jennifer Lopez
Jennifer Nonny
Jenny Frankhauser
Jenny Scordamaglia	t-h-i-c-c-jenny-scordamaglia-4
Jenny.stnr
jennyadamson
jennysroom1
Jenxflacko	jenxflacko-13
Jersey Renay
jess.the.pa
Jessa Rhodes
Jesse Jewel
Jesshiaz
Jessica
Jessica Alba	jessica-alba-1
Jessica Kylie	jessica-kylie-2
Jessica Linn
Jessica Nigri
Jessica Sol
Jessica Yu Li Henwick
jessicalove
Jessicapurr
jessicavibes
Jessie Belle
jessiebellexxx
Jessika Power	jessika-power-21
JessvittDin
jeunesse_vn
Jewelz Blu	jewelz-blu-5
Jezebel Gambino
Jezebeth
Jia Lissa	jia-lissa-1
Jiba Hughes
JillBuggy
Jin Nana
Jinn_juni
Jinxluvfil
jjuicybrat
jnt_off
Joana Brasão	joana-braso
joannexrouge
Joeline Souza
Joelle.boelk
joellperry	joellperry-1
Joey Starr
johanaorozco
Johanna Juhlin
Jolee Love	jolee-love-2
Jolena Rose
jollybonney1
jonnalundell
Jordan Bunniie
Jordan Chiles
Jordyn Jones	jordyn-jones-18
jordyn.welty1
Jorgie Porter
Josefine Dahl
Joselis Joana
Josephine Emilia
Josephine Jobert
Josephine Joseph
Josephine Maria	josephine-maria-5
Josey Cook
Jouerdis	jouerdis-15
Jovan Jordan
Joyofurlife	joyofurlife-3
ju_s.paradise
Judit Guerra
Juicylipsgoddess
Juicyxlana	juicyxlana-2
Juju Ferrari
jujufitcats
Jule Jensen
Julesari	julesari-133
Julesboringlife
juli.gracee	juli-gracee-1
Juli Savioli
Julia_alvarengaa
Julia Crds
Julia Hofer	julia-hofer-1
Julia & Lauren Burch	julia-lauren-burch-15
Julia Morozova
Julia Römmelt	julia-rommelt-6
Julia Timoro
JuliadeVille
JuliaKul	juliakul-1
Julie Smith
julieebubblee
Juliette Arz
juliette_mme
juliii.fnk
June695	june695-2
Juniper Ren
jupiter
Jurnee Lane
Just jenyah
Justekenza4
Justvegaa
Justwoman 42	justwoman-42-1
Justyna Gradek	justyna-gradek-1
justynagradek
Jvde
k8lyn096	k8lyn096-18
Kada-Love	kada-love-6
kaellie
Kaitycumcake
kalahzar
Kalani Luana
kalanirodgers
Kalei	kalei-2
Kaleigh Strother
Kali_Nostra
Kalinka Fox	kalinka-fox-15
Kam4kshi
Kamila Davies	kamila-davies-4
kamila_roqueec
Kandyland
Kaori Anya
Kara Del Toro
Kara Hayward	kara-hayward-1
karamel.aura
kararoselynd
kardelexuwu	kardelexuwu-11
Karely Ruiz
karinamucha
Karlee Steel
Karli Mergenthaler	karli-mergenthaler-20
Karmalu3
Karmen Petrovic
Karmina Dudzinska
Karo Kelebek
Karol Rosalin	karol-rosalin-7
Karolinka.ofi
Kassablanca_	kassablanca-4
kat_braden	kat-braden-2
Kat Outdoorkitty	kat-outdoorkitty-1
Kat Worley
Katanire	katanire-1
Katarina Ivanovska
Katarzyna Sawczuk
Kate.Bikini
Kate Garraway
Kate Kuray
Kate Lazarski
Kate Siegel
Kate Tracey
kateharperr	kateharperr-1
Katelynn
Katerosee0_5
Katharina Amalia	katharina-amalia-74
Katherine Ryan
katherinepine	katherinepine-8
Katherinne Rodriguez	katherinne-rodriguez-1
Kathy__Deep
Kathy Nguyen
Kathycr	kathycr-1
kathyslife
Kati Karenina	kati-karenina-31
Kati.Ktr
Katia Puanani
Katia Spokoinaya
Katie	katie-1
Katie Sigmond
Katielefit	katielefit-26
katierosecoloredglasses	katierosecoloredglasses-26
Katja Krasavice	katja-krasavice-12
Katrai
Katrina_red
KATSEYE
Katsumi_Tokyo	katsumi-tokyo-1
Katty Blake
Katy_Hlive
Katy Perry	katy-perry-2
katy.vibes_
Katya Samilova	katya-samilova-11
katyrt
Kawaiii_Corpse, Bella Luna	kawaiii-corpse-bella-luna-27
kaworu
Kayden Kross
Kayla Moody	kayla-moody-9
Kayla Sweet	kayla-sweet-19
kaylafrom5to7
Kaylee	kaylee-3
Kaylee Monroe
Kayley Gunner	kayley-gunner-7
Kazumi
Keely Hodgkinson
Keely Oyadomari
Kehlani Webster
Keilah Kang	keilah-kang-9
Keke Palmer
Kel
Kelly Apraez
Kelly Cheese
Kelly Divine	kelly-divine-1
KellyMissesvlog
kellypearl
Kelsey Dylan
Kelsey Thompson
Kelyana Prv
Kendall Jenner
Kendall Navarro	kendall-navarro-1
Kendra Lust
Kendra Sunderland
Kendra U
Kennedie Nguyen
Kenzie Luby
Kenzie Reeves	kenzie-reeves-2
Kerry Marie
Kersten Julia
Ketlyn pereira
Key Alves
KhaleesiBB	khaleesibb-23
Kharina K
Kiara Marie
Kiarybel
Kiernan Shipka
Kierra Lee
kiixxox
Kikuai	kikuai-2
Kiky Rucker
Killa k
Kim Dammer
Kim Kardashian	kim-kardashian-1
Kimber Veils
Kincso
kinkychinkywings
Kira Kosarin
Kira Noir
Kiriaki Koutsoumbardi
Kirsten Dilles
Kirstentoosweet	kirstentoosweet-86
kitana_youngx	kitana-youngx-2
kitbober	kitbober-2
kitthebeefcake	kitthebeefcake-5
Kitty Quinn	kitty-quinn-2
kkok7816
Klaudia Giez
kleinellie	kleinellie-5
knagi_
Knicoledz	knicoledz-5
Kokeshi
Kokokolli
KostasXandriana
Krasivchik	ksusha-2
Krekrette
Kriss Drummer
Krissy Lynn	krissy-lynn-1
Kristin Cavallari
Kristin G
Kristin Roca
Kristina Murphy	kristina-murphy-3
kristinafink
Krokodeal	krokodeal-35
krystalogy
kthtrry
Kungfoy	kungfoy-1
Kunshikitty	kunshikitty-21
Kurwa Melanie
Kusssecka
Kute_Kitty_Kat	kute-kitty-kat-1
kvsshot
kyaandere	kyaandere-59
Kylee Carter	kylee-carter-1
Kylie Aniston
kylie_blck	kylie-blck-2
Kylie Jenner	kylie-jenner-2
Kylie Le Beau
Kyndal Lynn	kyndal-lynn-1
Kyrakush
L.enfant_loup
La Catalina
La Hiedra
La Petite Frenchie	la-petite-frenchie-6
Laafoliie
Lacey London
Lada Lyumos	lada-lyumos-32
Lady Melamori	lady-melamori-64
Lady Nina
Lady Pays	lady-pays-2
Ladyflowercookies	ladyflowercookies-3
LadyMcbeth	ladymcbeth-2
Lana Campbell	lana-campbell-2
Lana Rain	lana-rain-54
Lana Rhoades
Lana Smith	lana-smith-2
lana_svg
Landry Bender
Lani Lust	lani-lust-15
LaPetiteLoue
lara_silva	lara-silva-3
Lara Wilson	lara-wilson-1
Lara Winter	lara-winter-15
Larissa Lou	larissa-lou-1
Larissa Marie	larissa-marie-7
Larissa Rochefort
Larissa Sumpani	larissa-sumpani-3
laula_ur
Laura Bailey	laura-bailey-1
Laura Keller	laura-keller-1
Laura Klein	laura-klein-1
Laura Marie Soons
Laura Morante
Laura.schmidt
Laura Vargova
Laura Wontorra
Lauramjj	lauramjj-1
laurawaifuu	laurawaifuu-3
Laurel Moyer	laurel-moyer-16
Lauren Phillips
Lauren Stallwood
Lauren Walker	lauren-walker-4
Laurine	laurine-1
laurine09_
Laury Thilleman
Lavender Daydream	lavender-daydream-11
Lavoisinedu3e
Layla Milk	layla-milk-1
lea.angt
Lea Beuchelt
Lea Breuer
Lea Elui	lea-elui-1
lea_hxm	lea-hxm-16
Lea Katharina Maria
Lea Peach
Lea Seydoux
Leafsnlifts
Leah Gotti
Leah Halton
Leahdzz
Leana Lovings	leana-lovings-1
Leane Dsns
Leanne Crow
Leanne Fabian	leanne-fabian-14
ledusula
Lee Ahrin	lee-ahrin-1
Lee Paulina
Leela Bambi
Leidy johanna
Leila Lewis	leila-lewis-5
Leila Onyx
Leilani May	leilani-may-3
Lela Sohna	lela-sohna-55
Lena Paul	lena-paul-1
Lena Sld
Lena The Plug	lenatheplug
Lena Weber
Leni Bahr
Leni Klum
Lenna Lux
Leolulu	leolulu-73
Leonie Lindner	leonie-lindner-10
Leonie Pur	leonie-pur-23
LeonieSia
Leonyymartinek
leosantos
Lera Abova
Lesbicouplefeet
Leticia Disher Vieira
Leticia Frankovich
Letícia Vargas	letcia-vargas
Leticia Veras
lewdestbunnie	lewdestbunnie-8
Lexi Belle	lexi-belle-13
Lexi Smith	lexi-smith-38
Lexie Hull	lexie-hull-1
Leya Desantis
Leyla Ingalls
Leylarooh
Lhumaine2.0
Lia Lynn	lia-lynn-2
Liaa Fox
Liana_Moon
Liane V
Lianekoo
Libdo USA
Libracocomelon
lightinthebox
lightskin	lightskin-3
Likebaklava	likebaklava-2
Lil Lina
Lila Hayes
LilaRove
LilBabiDraco
LilBabyGotDrive
lilcyma	lilcyma-2
Lili Photo
Lili Reinhart
Lilia Conrad
Lilibet
lilijunex	lilijunex-1
Lilith Cavaliere	lilith-cavaliere-4
Lillian Phillips	lillian-phillips-30
Lilly Blush
Lilly Schaper
Lillyevaellse
lilmilk69	lilmilk69-1
Lilouluv
liloussecret	liloussecret-2
Lilstoney25
Lily Cade
Lily Chee
lily_grace
Lily Ingeldsen
Lily Lucia
Lily Phillips
Lily Tiger
lilygrov
LilyKawaii	lilykawaii-21
lilyxsanto
limalinae
Limaymonita
limwerence
Lin Chuan
Lina Bliss
Lina Luxa
Lina Melon
Lina Nakamura
Linda Cassidy
Linda Lanu	linda-lanu-35
Linda Nobat
lindalovex
lindalys1
Lindinha
Lindsay Brewer	lindsay-brewer-24
Lindsay Ruggiero	lindsay-ruggiero-1
Lindsaykay
Lindsey Fishman
Lindsey Lamer
Lindsey Pelas
Linn.Gyberg
LioxElla
Lisa Ann	lisa-ann-7
Lisa Dollan
Lisa Foiles
Lisa Küppers	lisa-kppers-1
Lisa Ubelsbacher
Lisaamoi
Lisamiless	lisamiless-1
Liss.thl	liss-thl-2
Lit1le_Kitty_	lit1le-kitty-8
Little Caprice	little-caprice-44
Little Chloe
Little Emo Kitten	little-emo-kitten-1
Little Foxy
Little Puck	little-puck-12
little.warren	little-warren-28
littlebellsy
littlekatrina	littlekatrina-7
littleolmeee
Liv Donegan
Liv Morgan
Liv Sage
Livia Josephine
Livvy Dunne	livvy-dunne-228
livy.mae	livy-mae-3
Liya Silver	liya-silver-9
lizablondy
Lizpacksunic
Lizz Lane
Lizzcox4u
LizzieLestrange	lizzielestrange-30
Lizzy Greene	lizzy-greene-5
Ljiljana Stoiljkovic
Llorennamai
LNL's Social Media Influencer AI Fakes Mega	lnl-039-s-social-media-influencer-ai-fakes-mega-1
loisplz
Lola Amour
Lola Clr
Lola Cosy
Lola Falpert
Lola Teases	lola-teases-3
lolaaafit
Lolaakitty
loladiamonduk	loladiamonduk-5
Loliezaa
Lolitafrench34
Lollykinks
Long Mint
Loonakia	loonakia-65
Lora Atcher
Loren Kirsten Lucena	loren-kirsten-lucena-1
Lorenzo Viota
Lori.ality
Lorna Morgan: Various Pro Sites
Lotti Aisha Greinwald
louisezus	louisezus-3
Loveday	loveday-5
lovelly_molly
lovelyjill	lovelyjill-1
LovelyLo	lovelylo-6
Lovelytit
Lovita Fate
Low-keydeadinside	low-keydeadinside-93
lris_adamsone
luanatenn
luanatizian
Luara Fonseca
Lucia Leona
Luciaa.hln
Lucie Lechat
Lucy Michel
Lucy Mochi	lucy-mochi-7
Lucy Sea	lucy-sea-2
Ludmila Ibañez	ludmila-ibaez
_ludymia	ludymia-1
Ludysaless
luipxi
Luisa Leal
Luiza Parente
Luli In The Castle
Lulu Mei
Lulu Wilson
Lulu Witoria	lulu-witoria-1
Luna Aoki	luna-aoki-22
Luna Blaise	luna-blaise-5
Luna Corazon	luna-corazon-4
Luna.garcia68
Luna Noir
Luna Okko	luna-okko-24
Luna Rival	luna-rival-2
Luna Sunny
Luna141620
lunaaura
lunaleofox06
Lunamei.xo	lunamei-xo-2
Lurn	lurn-5
LustForLiyah
Luvnat_xoxo
Luvss Bere
Luvssbere
Lyla Asian
Lylou Glam
Lyna Perez
lysniccole
Lyssa Lowe
Lyssaurora
_.lyuda._
m.3.l.l.l
M Grace
M0rgueMutt
Maca Diskrecija
macimccarley
Madame Delinguee
madamemedusa9	madamemedusa9-1
Maddie Grimaldi
Maddie Kerith
Maddie May	maddie-may-10
Maddie Olson
maddiecutiez
Maddison Fox	maddison-fox-22
Maddy Burciaga
Maddy Cheary	maddy-cheary-3
Maddy Mccutcheon	maddy-mccutcheon-2
Maddy Smith	maddy-smith-1
MadeleineSanez
Madeli0217
Madeline Hope	madeline-hope-1
Madelyn May
Madi Lust
Madi Makoff	madi-makoff-4
Madison Fry
Madison Ivy
Madison Wilde
madisonwildexxx
Madisun Sky	madisun-sky-12
maelatb
Maelle Pistoia
MaePeach
Maeva Deesse
Maeva Martinez	maeva-martinez-1
maevamrtn
magenta62
Maggie Lindemann	maggie-lindemann-1
Maggie Q
maghla_
Magui Ansuz
Magui Corceiro	magui-corceiro-1
Mah_hoot
maiibexy
MaimyNyan	maimynyan-13
MairaPalacios
Maisie
Maite Duque
Maja Holf	maja-holf-15
makbabby
Maki95
Makoshake
Malaikasoffline	malaikasoffline-1
Malak Omrani
Malina Weissman
Mama Fox
Mamicilla
Manana Arakelyan
Mandelie
Mandy Rhea
Mandyrose	mandyrose-1
Mangomodel666
Manon Missieux
Manon Nadolny
Manuela Cit
Manuela Vagueiro	manuela-vagueiro-1
Mara Swan
Marcela Silva
Marceline.onr
Margaret Qualley	margaret-qualley-1
Margarida Neuparth
Margaux Mrr
margomodel
Margoreett & Anna
Margot Lourdet	margot-lourdet-2
Mari.greciaa
Mari Lederman	mari-lederman-1
Mari Sakamoto
Maria Becerra
Maria Daniela
Maria Domark	maria-domark-34
Maria Godovskaya
Maria Nagai
Maria Riot
maria.weber
Mariabrazers
Mariagutx
mariah_leonne	mariah-leonne-1
Mariam Olivera	mariam-olivera-23
Marian Franco	marian-franco-4
Mariana Alves
Marianita Rios Manizales
Mariapaula Pacheco
mariartidessa
Mariasole Pollio
Marie Blume
marie_body
Marie Celine Mey
Marie Fox
Marie Green
Marie Temara	marie-temara-58
Marie Wolff
Marie Wouldword
mariechen
marielly.c.rocha	marielly-c-rocha-1
Mariesteins
marikanovo
Marina Rodina
Marinaifx
Maripily Rivera
Marisa Abela
Marisa Tomei
marizinhau
Marsai Martin
marsnoire	marsnoire-23
Marta Diaz
marta.kc
Martha Celine Arradaza
Martina Vismara
Martyna Balsam
Maryely10
marylin.rosales97
Maryline
Mashenka
masseusealine
matheamatheamathea
matiimarronii_
Matilde Micheli
matshidiso833
Mattie Garf
Maud Elena
Mavie Noelle
Maxalah
Maxiink
maxima_mclk	maxima-mclk-5
Maxine From Manila Amateurs
May Soares
Maya Azari
Maya berovic
Maya Engel
Maya Jama
Maya Pryce	maya-pryce-1
Maya Rose	maya-rose-2
Maya.rose_xx	maya-rose-xx-1
Maya The Doe Eye Girl
Maya_Yamanaka
Mayahiga	mayahiga-9
mayaxkn
maybebaylee
Maycee
MayContainGirl	maycontaingirl-86
Maylinn.139
Mc Henny	mc-henny-1
Mckenna Grace	mckenna-grace-1
Me_lly
Meg Turney
Megaharmony
Megan Barton-Hanson	meganbartonhanson
Megan Mc
Megan Skiendiel
Megane Simard
MeganRenee	meganrenee-35
Mei Cornejo	mei-cornejo-1
mei.fantasy
Meika Woollard
MeiMei_Chan
melanie
Melanie Breuer
Melanie Marie	melanie-marie-7
Melanie Ordonez
Melanie Sophia
melanieontheriver	melanieontheriver-1
Melike Baran
Melina May
Melina.msxou
Melinecrn
Melissa Debling	melissa-debling-6
Melissa Glams
Melissa Lolly	melissa-lolly-4
melkoneko	melkoneko-1
melodi.mzd
Melody Cheeks
meltymelt1022
Melyssa Ford	melyssa-ford-5
Meninas Da Bahia
Meninas De Fortaleza
meowlav
Mercedes Ambrus
Merleperle
Merokoyui	merokoyui-4
Merve Niemann	merve-niemann-1
Messie Jessie
Met0.Tox
MetArtX
Meufs Team Nasdas
Mexican Girls
meyes_are_up_here
Mi_miau
Mia Belle	mia-belle-3
mia_falls	mia-falls-2
mia.gnr
Mia Hunt
Mia Julia Bruckner
Mia Khalifa
Mia Malkova	mia-malkova-25
Mia Minou
Mia Moonna
Mia-Nouvelle	mia-nouvelle-4
Mia official
Mia Reinhard
Mia Robin
Miabellydancerofficial
miah__c
miamiku
MIB19
Mica Tenenbaum
micadeboe
Micaela Schäfer	micaela-schfer-39
Michela J. Rocca
Michelle Alderete
Michelle Khare
Michelle Rabbit	michelle-rabbit-3
Michelly Bytencoor
Michi Summer
MichiNya
Michinya26
MichiStar
MightGuy
Mikaela Spielberg	mikaela-spielberg-3
Mikaela Testa	mikaela-testa-51
Mikaiichan
Mikaila Demaiter
Mike Adriano	mike-adriano-11
Mike Dirty
Mikey Madison
mikhailivna
MikkiMac
Mikomi Hokina	mikomi-hokina-13
Mikoto Mochida 持田美琴	mikoto-mochida
mila_dark
Mila Sobolov	mila-sobolov-25
milakittenx	milakittenx-56
Milanka Kudel	milanka-kudel-1
MilaRoseee
milasobolov	milasobolov-6
milaxxoxo
Milena_70h
Milenas Art
Miley Cyrus
Milf_beurette
Milkimind	milkimind-23
MilkyMama04
_milkyway
Millena Prata
Millie Bobby Brown	millie-bobby-brown-1
Millie Morgan
Millieebunny
millieevemarie	millieevemarie-1
milliewuwuwu
Mimi-nunchaku	mimi-nunchaku-2
MimiB_bourdoir
mimidoescosplay
Miminafell
Mina Ash	mina-ash-9
Mina Kimes
Mina Min	mina-min-2
Mina Shirakawa
Minatozaki Sana
Mindi Mink	mindi-mink-20
mindiyarova11
mindy_xoxo22	mindy-xoxo22-2
MiniCaryn
Miniloonaa	miniloonaa-62
Minilubov
Minjin Park
Minnie (Nicha Yontararak - I-dle
mintlikescars
MinusElf
Miranextdoorx
Mirela Janis
miriamholme
Miroslava Montemayor
Mirurunpr Mirurun	mirurunpr-mirurun-1
Mis Taquitos
Miss Alice Wild	miss-alice-wild-10
Miss Bri Torres	miss-bri-torres-6
Miss Cake
Miss.flo88
Miss Mikkaa	miss-mikkaa-1
miss.millettexx
missaveryrae
Missbunnybrown
MissClick
Missgrey	missgrey-1
misshappymommy
missjennip
Missloute
missmalou__
Missstrawberrypunk
missyxoxo22
Mistress Dahlia
Mistress India
Mistress Jessica
Mistress Nancy
Mistress Shaday
Mistsukii	mistsukii-34
Misty Raines
mivalure
Miyah Tulip
miyataray
Mksara
Mllexchloe
mmm_mii_
mole.tilda
Molly Ray	molly-ray-3
Mollyandjordy	mollyandjordy-11
Mollyflwers	mollyflwers-1
Mommy Penelope
mommychungrycosplays
mommymilkersrose
Momoiro Cosplay
momokun	momokun-60
Mona Schon\monashon
monamaruko
monamity	monamity-13
MonaMystery	monamystery-2
MoniBless	monibless-1
Monica Jambagle
Monika Jasmin	monika-jasmin-1
Monira Laveen
Monna Haddid
MonroeSweets
Moonformation	moonformation-1
moonlightdelia	moonlightdelia-1
Morena
Morgan Alexandraa
Morgan Grove
Morgane Pippa
Morgpie
Moriah Jadea
Mot De Passe Photographe
mowdegrasse
MrAndMrsSavage
Mrl1 Alx	mrl1-alx-61
mrs_lady_smiths	mrs-lady-smiths-1
Mrs_Soraya
mrskittykat	mrskittykat-1
Ms Rachel
Ms Secret
ms.selinka
Ms. Sethi	ms-sethi-45
Mszrsmerci	mszrsmerci-1
Murkotic
Murrrchaika
mwaddeleine	mwaddeleine-32
Mx_Ronja	mx-ronja-1
Mya Ryker
Mya Ryland Ryker
mygggood
Mylittlerobin	mylittlerobin-20
Myra Glasford
myrakatexoxo
Myram Moans
Mysticangelgirl
Mysweetapple	mysweetapple-2
n.h.i
naama_yanay
Nade Nasty
Nadia Turner
Nadine Inked	nadine-inked-1
Nadine Kerastas	nadine-kerastas-40
_naejean
nahnahXP
Naile Quliyeva
Naked News Anchor	naked-news-anchor-1
Nala Ray
Namorada
Nana17
naniiibaby
Nano Banana Prompts
Nanzii
naomiiper	naomiiper-1
Naribnb	naribnb-5
Nashadesire
Nat Bush
Nat The Killer	nat-the-killer-1
Nata Lee	nata-lee-2
Natafitnesswine	natafitnesswine-1
Natalia Andreeva	natalia-andreeva-1
Natalia Forrest	natalia-forrest-2
Natalia Povadinec
Natalia Shevchuk	natalia-shevchuk-1
nataliagarcia.c
Natalie Hooper	natalie-hooper-9
Nataliebarness
NatalieHanby	nataliehanby-1
Natalieunderwater
nataliya_smit	nataliya-smit-2
Natalya Neidhart	natalya-neidhart-1
Natascha Vandendries
Natasha Pickens
Nathalia Victoria
Nathalie Emmanuel
nathalieganzprivat
Nathy Cardona
naughtyesposa
Naughtypixie4651
Navilynn	navilynn-18
Nayelle.dxb
naynaycatt	naynaycatt-33
ne_prosto_lisa
Neamalm
neele.rct
neeviliciouz
Neha Sharma
NEJ
Nekosaiz
Nele Schepe
Nelimea
Nelly_nell
nereasilva
Nerokoi	nerokoi-27
NetVideoGirls	netvideogirls-2
neverbaby_26	neverbaby-26-4
New UK Gladiators
Ngoc Trinh
Nia Maidem	nia-maidem-1
Niamh Adkins
Nichada Jujak
Nichameleon	nichameleon-74
Nicki Hunter
Nicky Gile	nicky-gile-134
Nicol Minarova
Nicola Albrecht
Nicola Cavanis
Nicole Aniston	nicole-aniston-48
Nicole Coco Austin
Nicole Doshi	nicole-doshi-3
Nicole Kim
Nicole Murkovski
Nicole Smith
Nicole.villanti
nicolebookerr	nicolebookerr-1
nicoleponyxo	nicoleponyxo-9
Nicolle Love
NicolleBarreto
Nicollie Fogaca
Nieve Petruzziello
Nigged.com
Niickybaby
niiinaa99	niiinaa99-1
Nika Sofie	nika-sofie-1
Nikawuw	nikawuw-1
Nikki Bella
Nikoleta Milenova	nikoleta-milenova-1
Nikoletta Queen
Nimuena
Nina Berger	nina-berger-5
Nina Kriechbaum
Nina Laitiala
Nina Rall
nina-rose
Ninaattal1
NinaMagnes
ninanina
nine_duende
Ninha Silva
Ninon Clerc	ninon-clerc-1
Niqkua
Nisa Bogenhauer
nisazandy
nnewys
noa.mnk	noa-mnk-22
noafilipa
Noey Yanisa	noey-yanisa-1
Noi Feja
Nonsummerjack
noo_sunnly	noo-sunnly-1
nookkiizz
Noonz_spt	noonz-spt-17
Nora.thne
NoraExplorer
norathestrange
Norel Bmz
Norma Geli
northnatt	northnatt-9
Norwegianblondie	norwegianblondie-1
NotGabbyB
NotInTheFace	notintheface-1
notkutles
notmeggii	notmeggii-10
notnonicegal	notnonicegal-2
Nounours212maroc
Novinhas Rabudas	novinhas-rabudas-2
nsfwcleo_
Nsfwsoop
NubiaBeamish
Nubiles	nubiles-3
Nude In Public
Nude-Muse	nude-muse-1
Numi Rias	numi-rias-1
Numochiii	numochiii-2
nupurkaplish
NurseGW_Hubby
nurserachelrn22	nurserachelrn22-2
Nymphruex
Nyybaybie Bambi
Oakly Johnson
Oceane Dodin	oceane-dodin-3
Octavia Marlowe	octavia-marlowe-2
Octavia Red
oda_assuri
offical_villak
_oh.rina_
Ola Wasilewska
Olga Szypulska
Olivevip	olivevip-4
Olivia Alves	olivia-alves-1
Olivia Bianchi	olivia-bianchi-1
Olivia Dunne	olivia-dunne-112
Olivia Grace Hopkins
Olivia Juliane Dahl
Olivia Munn
Olivia Rodrigo
Oliwia Pawelczak
Oliwia Petryna
Ollechka09
Omegle Brasil
onebigkiss
Onlygirlyouneed
Onlymya
OnlyOneRhonda	onlyonerhonda-15
onlyylisha	onlyylisha-9
oobekkaoo	oobekkaoo-15
oohkarlalala
Oriana Fiuri
Oscarine38	oscarine38-4
oscastros
osis zenga
Over 50 Jess
Overwatch
Oxenssa
ozellagranville
OZOPROD
p0rn0evangelie
Paige Nicole
Paige Niemann
Paige VanZant
Paisley
Paladinamber
Palmyre
Pamela Anderson
Pamela Pasinetti
Pamela Reif
PampleXXXX
Panjapa Chumyam
Pao Denise
Paola Maria
Paola Parente	paola-parente-10
papasqrt	papasqrt-1
Paris Hilton
Paris Swimsuitheaven
Pascals Subsluts	pascals-subsluts-6
Pastell Bunnii
Patsy Palmer
Pattaraya Chayakonnann
Pau Belen
Paula.08
Paula Bulczynska
Paula Doeringer
paula_josie_
Payal Patel
PayMotherMoon
Payton Preslee
Payton Ramolla
PcrkScmmy
Peachy Goddess
peachyemb
PeachyKai	peachykai-8
Peachytara	peachytara-1
pearbooty88
Peg_master2000
Penelope Snaps
peraroeleonora
Perla Exotica
Peta Lloyd	peta-lloyd-37
Petite Belle	petite-belle-2
Petite Bretonne
Petite Carla
petite.princessxo	petite-princessxo-26
PetiteandSweet5
petitenikky	petitenikky-1
petitesweettreatx
Peyton Kinsly	peyton-kinsly-5
Peyton Rain
pheobeisginger
Phikitya Namwian
Phoebe Isobel	phoebe-isobel-1
Phoenix Marie	phoenix-marie-1
Phoenix Morrissey
Photodromm
Photographs-of-emma
pia.rtrr	pia-rtrr-2
piapowa	piapowa-10
Pidi Meg
Pietra Príncipe	pietra-prncipe-5
Pileofgraese
pingbean96
Pinkgeek	pinkgeek-6
Pinkguno
PinkPantheress
PinkPassion
Piper Perri	piper-perri-70
Piper Quinn	piper-quinn-20
Piperraye	piperraye-1
pixie_beans
Pkshelenaofficial
plamea	plamea-2
Plantes De Pieds Candid
Plasterer
playfulhotwife	playfulhotwife-1
playisabel
Playwithlydiaa
plumchuu
Plussizedilara
Polly Yangs
Pommelien Thijs	pommelien-thijs-1
ponyiiu
Poppyuwu
Pornditos
PoundCake
PremiumBukkake	premiumbukkake-6
Prescindible
pretty.minnie
Pretty Potatoo
PrettyPinkCatWomen
Princess Amber	princess-amber-4
Princess Andrea Milk
Princess Caylee
Princess Moon
princess7ix2
PrincessElsBelz
Princessleila.tv
PrincessNeko
PrincessPeach2269	princesspeach2269-2
princessperdida
Priscila Belini
Priscila Muzzi
Priscilla Ricart
Prithika.chowdhury
Profsexy
Proxy Paige
Pryceisright	pryceisright-1
Pssymagic	pssymagic-1
psycocky
Puppyporn090
purrrik	purrrik-1
PushingUpRoses
Pyper Prentice
qingqingya99
qoqsik
Quack
Queen Gags
Queen Mia
Queen Milk
queenofavocados	queenofavocados-3
QueenTofu	queentofu-7
Qui La Connais
Quinn Finite	quinn-finite-50
Raceplay	raceplay-11
Rachael Cavalli	rachael-cavalli-13
Rachel Lyons
Rachel Pizzolato	rachel-pizzolato-1
Rachel Zegler
Rachierach429
Rae Law
Rae Lil Black	raelilblack
Rafaela Almeida Am
Rafaela Goulart
Rafaela Moreira
Raikai_cos
Rain Fitness
rainbowliff
Raini Pramanik	raini-pramanik-1
Raissa Conte
Raku_66
Random Bunkr Files
Rania Saiidii
Raquel Pacheco
raquelferreyra
Raven_5605	raven-5605-1
Raven Numan
Raven Vice
Rayna Rose	rayna-rose-13
raysamadayo
Raysileeum
Reagan Lush
Real Sara
realestasiangirls
Recherche Ce Couple
Red Firesquirt
Redbull Cock
redheadedhoneydoll
Reina Delic
Relax Asmr Lab
Remy LaCroix	remylacroix
Renata Frisson	renata-frisson-4
Renate Reinsve
Renee Gracie	renee-gracie-26
Renèe Monaco	rene-monaco-1
Renee Murden
Reshma Pasupuleti
Resident Evil
Retro Discovery Girls
Reubi Amelia
rheanna mariee
rhianneicon
Rhiannon Ryder	rhiannon-ryder-1
Richh Des	richh-des-9
Rico Strong
Rihanna
Rik_uh
Riley Reid
Rilly & Jhony
Rina Lipa	rina-lipa-1
Rina Sawayama
rinavi
rineksalol
Rinnibunny	rinnibunny-1
Rion Post
Risheerish
Rissa May
Rita Argiles
Rita Faez	rita-faez-45
Rita Ora
Ritaflores69	ritaflores69-1
riversalicia13
Rix	rix-2
Robyn	robyn-28
Rochelle Humes
rocksy_light	rocksy-light-1
rockylareine
Roky Ahmed
rollipop
Romanian Girls	romanian-girls-1
Romi Rain
Romina Jana
Romina Malaspina	romina-malaspina-2
Romy Deckert
romyreiner
Romyxxs
Rony Grinberg
rorydoryy
Rose Lane
Rose Marie Guess	rose-marie-guess-1
Rosemary Voore
Rosie Jones	rosie-jones-1
Rosiskandal
Roxy Blue	roxy-blue-2
Roxy Raye
Roxy Winters	roxy-winters-2
rozieofficial
Rubiegoosen
rubixrose	rubixrose-17
Rubysaki
ruiva2310
Ruivaisabel	ruivaisabel-9
Ruivinha De Marte
Rumaaniii_ Rumaaniii Sharma
Rumipeach	rumipeach-4
runa_raine
ruzicavr
Rylrat
___s.asha_
S0fia Bevarly	s0fia-bevarly-47
Saabsilvi
Sabrina Alaso
Sabrina Ann
Sabrina Carpenter	sabrina-carpenter-1
Sabrina Cesta
Sabrina Pezeshkian
Sabrina Reiter	sabrina-reiter-1
Sabrina Sato
Sachia Vickery	sachia-vickery-6
Sadhana Gurung
Sadie Pop
Sadie Sink
Sage andrews
Sage ASMR
Sagexdiogo
sahhkicosplay
saiwari_ph
Salice Rose
Salina Laila
SalivJuX
Sally Nugent
SallyDinosaur	sallydinosaur-75
Samanta Lily	samanta-lily-24
Samantha Jolie
Samantha Merlos
Samantha_nova
Samantha Shane
samantha_strong
Sami Asmr
Sami Sheen	sami-sheen-29
sammireneex
sammymally
samsacc	samsacc-7
Sana Dilruba
Sanaa Lathan
Sandrax1
saniamistry
saniapaki
Sanna Marin
Sara 211
Sara Carolina	sara-carolina-15
Sara Core	sara-core-1
Sara Dobrik
Sara Echeagaray
Sara Jay	sara-jay-2
Sara Ricci
Sara Sampaio
Sara Teacherlife
saraayrobles	saraayrobles-2
Sarah.anca
Sarah Arabic	sarah-arabic-8
Sarah Averna
Sarah B Rose
Sarah Bridgewater
Sarah Brooks
Sarah Carvalhota
Sarah Celine Bunny
Sarah Estanislau	sarah-estanislau-32
Sarah Follmann
Sarah.h44	sarah-h44-10
Sarah Illustrates	sarah-illustrates-33
Sarah Lea
sarah.lorema
Sarah Plickert
Sarah Wahala
Sarahbustani	sarah-bustani-sarahbustani-50
Sarahtoninx9_
Sariixo	sariixo-67
Sarina
sarystaj
Sasha Devil	sasha-devil-4
Sasha Grey
Sasha Paige
Sashasha999	sashasha999-16
Saskia Haltermann
Saucequeen97
Savanah Nickole	savanah-nickole-2
savanahnickole
Savanna Samson
Savannah Bond
Saw Htar Hnin
Sayuri Mattar	sayuri-mattar-4
Scarlet Skies	scarlet-skies-24
Scarlet Summer
Scarlett	scarlett-3
Scarlett Free Xx
Scarlett Salazar
Scarlettstoneee	scarlettstoneee-1
scars.wonderland	scars-wonderland-15
scoreland.com
scvua	scvua-3
Seaninderry
SecretSierra
SecretViolaa
Seductivewifey1
seeyanever
Selena Gomez	selena-gomez-1
Selena Valentina Alvarez	selena-valentina-alvarez-5
Selina
Selma Bacha
Selma Bajrami
Selti	selti-1
Seoa
Sera Promisu
seraphina.world	seraphina-world-2
Serena Skybourne	serena-skybourne-1
Serena Star
Seutaxxhope
Sevcan Guler
Sewkey
SexArt.com	sexart-com-9
Seximami	seximami-4
Sexy Iva
Sexy Julia
Sexyjobs
sexynalaa
SexyPinayofficial1
SexyRedPacy
sexysailor_
SexySuccubus	sexysuccubus-4
Shadowifey	shadowifey-25
Shadsi
Shae Hurray
Shaiden Rogue	shaiden-rogue-10
shakira	shakira-1
Shania Geiss
Shanyylll
Sharon Carpenter
Shauna Dewit
Shayanne Dias
Shayna Holt	shayna-holt-8
She_tora
Sheena Wrestler	sheena-wrestler-2
sheenajames	sheenajames-1
Sheila Exposure
Shelbi Schauble
shelbischauble
Shelby Young
shelbysworld
Sherin Stone
sheyascx
Shirin David
Shirogane_sama	shirogane-sama-1
shirokun_ni
Shishujenn
Shital Shaw
Shorty Holly	shorty-holly-2
Show Your Girlfriend
Shulun C.
_shutupmelissa_	shutupmelissa-1
shuuliax
shwetizle
shy_girlxo
Shybabybun	shybabybun-11
Sienna Ren
sienna_rose_couple	sienna-rose-couple-1
Sienna Sidhu
Sienna X Monroe
siennahuber
Siennaprincesss
Sierra Cabot	sierra-cabot-98
Sierra Lumen
sierracaldwell	sierracaldwell-1
Sigrid
Sil Torra Torra
sillychicha
Sillyrinn
Silvana_N1
Silvia Insogna
Silvia Pinkerbell	silvia-pinkerbell-1
Silvia Saige	silvia-saige-2
Simona Alphamusic
Simplyneidaa	simplyneidaa-27
sindahyex
Sinderella Rockafella
Sindy Lopez
Sinfulrojo
SirenSins
Sjokz
Skavstheworld
Skelli
SkepticalPickle ASMR	skepticalpickle-asmr-52
skinnygirl18
Sky Bri	realskybri
Sky Exsummer
SkykbbgSky
Skylar Mae	skylar-mae-136
Skylar Vox
Skylerlo	skylerlo-37
sl4tty.f4iry
sleepiestwaifu
sleepneude
Slice_of
slovazepam
slowsophi
Slutty Asian Dancers
Slutty-spicy
slvttyneighbor
smallvanillagirl	smallvanillagirl-1
smolbubblegum
SmttenKitten	smttenkitten-1
Snow_tiger6
Soap Magazine
Soapyshayna	soapyshayna-40
Sofi Castro
Sofia Anchava
Sofia Cruz
Sofia Firou
Sofia Gasparotto
Sofia Jamora	sofia-jamora-10
Sofia Lianna	sofia-lianna-1
Sofia Osio Luna
Sofiaaleggre
sofiasuprisd69
Sofiya Belousova
softminimini
sogumm_nn
Sohanna Ricci
Sol Altabas
Sol Ruca
Solanaxoescobar
Soleilretro
Solene Madison
Soline64
somelittlecrumbs
Sommer Ray	sommer-ray-1
sonalimalhotraxxx
Sonia Bellucci	sonia-bellucci-1
Sonia Sofianidou
sonne2731
Sonya Deville
Sonya-mo
Sonyasuper
sonyaxule
Sophia Grace
Sophia Lares
Sophia Symmons
Sophiaa_05	sophiaa-05-17
Sophiaaperlaa
sophiarose_worship
SophiaWestend
Sophie Cute
Sophie La Sage	sophie-la-sage-2
Sophie Lankovits
Sophie Rain	sophieraiin
Sophie Thatcher
sophieblacc
Sophiesweetside
Sophievombau
Sorority Mckenzie
Soso4ka
Soullessfox	soullessfox-5
soulreapermae	soulreapermae-9
soumise_elia
southerncharmedd
Southwestgirrrl
SovietStar
soxni69official
spencerbradley
SpicyJenny
spicymichellex	spicymichellex-7
spicyperry
Spicystarr
Spiderjink
Spintaa1998
Spirithalloqveen
Spitsatan	spitsatan-7
Split Tongue
spoiledbratcat	spoiledbratcat-1
sportsandtools
Spotterlinchen	spotterlinchen-2
sren244
Ssnappy
ssohyun_ss
ssxcszz
st.cremisi	st-cremisi-1
stacy_free
stan.sumalee
Starletnova	starletnova-27
Starryari22
Staryuuki
StaticDetonator
Stef Solari	stef-solari-1
Stefanie Giesinger
Stefanie Millinger
Steisy Malibu
Stella Cruz
Stella Francis TS
Stella Luxx	stella-luxx-1
StellaH
StellaJane
Stellas_secret0	stellas-secret0-13
Steph Haven	steph-haven-2
Steph Mandich
Steph Oshiri	steph-oshiri-4
Stephania Ergemlidze
stephie794
stephinspace
Stephy
Sterre Meije	sterre-meije-1
Sterre Meijer	sterre-meijer-18
Stifflersmom
stiwaberi
Stop5656
Straplez.com
Strawbz
Street Fighter
Strictly Come Dancing Dancers
strifecos
strongvampirex
stunningstella
stylebyvic
Suakirin Suaki	suakirin-suaki-1
Sucette-girl
Suck A Saurus	suck-a-saurus-16
Suelen Abreu
Suelen Bissolati	suelen-bissolati-1
sugar_babe_kat	sugar-babe-kat-1
SugarLily24
SugarLina	sugarlina-7
Sugarmamatv
Sukimellow
sukoshicosplay
Summer Soderstrom	summer-soderstrom-70
Sunlitskye
Sunni Daize
sunyyy	sunyyy-2
Supergioffy
SuperSoka
Suprity Acharjee
sushi.shawty	sushi-shawty-10
sushi4ev3r
Sushimewew
Susu Kami
susu_wp1
susy20144
Suziemcmackin
Svenja Sommer
Svetlana Fokina
Sweet Anita	sweet-anita-6
sweet_india
Sweet-Serenity
SweetAlenka
sweetblondie94
sweetdabz
Sweetenedvenom
Sweetie Fox	sweetie-fox-54
Sweetisabellaxo	sweetisabellaxo-8
SweetLunea
sweetmausiii31
SweetTits20
SweetviPie	sweetvipie-1
sweetxlayla
Swimsuit_babe	swimsuit-babe-1
Syd69420	syd69420-2
Sydney Freeman
Sydney Ramolla
sydney_sw
Sydney Sweeney	sydney-sweeney-2
Sydney Taylor	sydney-taylor-1
Sylviayasx
Sylvie Meis
Tabatha Pacer
Tacey leemon
Taiga Torayami
takayama.kazumi.official
Takomayuyi
TALITA GRAZIELA
tallgirlalli
Tana Mongeau	tana-mongeau-87
Tanababyxo	tanababyxo-149
Tangerinetease
Tânia Gaidarji	tnia-gaidarji-1
Tania Lopes
Tania Ramos
Tara Babcock	tara-babcock-24
Tasha E Tracie Okereke
tashha_s	tashha-s-6
Tatamayou
tatanunesg
Tate McRae
Tatum Paxley WWE Nxt
Tatyana Ali
Tay Money	tay-money-1
Taylor Bee
Taylor Brumann	taylor-brumann-7
Taylor Feingold	taylor-feingold-12
Taylor Swift
Tea Despotovic
Tea Petrushevikj
Teanna Trump
tearastar	tearastar-5
Techycutie
TeenMarvel	teenmarvel-27
TemptressEris	temptresseris-30
tennensui_cos
tentaclebimbo	tentaclebimbo-25
Tessa Rouleau
Tessa Valentino
tetraQx
Teya_feyt
Teyana Taylor
Thaina Luna
Thalia Hamidi
Thatvikingbitch
ThatYoungBlonde	thatyoungblonde-5
The_dnd_artist
the1bigsecret
Thea Dania
thebellebella
thefarahdarwish
Theirin Asmr
thelilithjane	thelilithjane-1
Therealaly	therealaly-1
therealhelwife
therealhquinn94	therealhquinn94-1
TheRealLoisLane
therealmayyaa	therealmayyaa-2
therealnicoletraffic
Therlyen
Thickneyy
Thunder Rosa	thunder-rosa-1
Ti.live
Tianna Aka
Tiannaann	tiannaann-13
Tiaraalvez225
Tiffany Bonvoisin
Tiffanybabe01	tiffanybabe01-2
TigerRose
Tiktok Live Nipslips & Nudity
Tília Fialho	tlia-fialho
Tilly And Jamie	tilly-and-jamie-3
Timuko
Tina Karol
Tina Nanami
Tina Stasic
TinaFire
tinanandi
tiny.pretty.j
Tiny Texie	tiny-texie-9
Tinyandtaken
Tiril Eckhoff
Tismpump	tismpump-4
Titty Drop
Tiyeubleu
Toetally Devine
tokyodrul	tokyodrul-1
Tokyovibes
Tommy King	tommy-king-18
Toniannsp
tontsacura
Tony Parannanza
Tootatis	tootatis-17
Toppawgs
Tori Black
Toricmf
Towa Rabbit
Toxicosplays	toxicosplays-32
Toyrobot2285
Tricia Helfer	tricia-helfer-3
Trinity Manaj
triplexceleste	triplexceleste-21
Trisha Hershberger
Trisha Paytas
Tulabambula
tunechisbabyma0
Turkish Girls	turkish-girls-1
Tvoyagreshniza
Twayla Venti
Twerklovers
twodirtties22
Txisten
undeadem	undeadem-26
Upminaa	upminaa-9
Ur_future_gf	ur-future-gf-1
urbabyjasmin
urbestfairytale	urbestfairytale-1
urfavleobaby	urfavleobaby-7
Urfitlara	urfitlara-7
urlilmuse
urvrtualsin
Usagii Senshi
Username12344_07
users0rciere
Vaimonroe
Vaja91
Valentina Lopez
Valentina Rodríguez	valentina-rodriguez-1
Valentina Ruckle
valentinaevip	valentinaevip-1
Valeria Conca
Valeria Negurenko
valeriavee	valeriavee-11
Valerica Steele	valerica-steele-21
Valerie Cossette	valerie-cossette-68
vallentina_aguess
valrual
Vampireprinxess
Vandana Pathak
Vanessa.h
Vanessa Kirby
Vanessa Lucia
Vanessa Rojewska
Vanessa Simon
Vanessa Vailatti	vanessa-vailatti-1
vanessa_xx
Vanessajolie
Vanessas Evolution
Vanna Bardot
varvarik.star_
Vazadas Bh
Vazados De Dc	vazados-de-dc-1
VDarquise
VelvetInkQueen
Venami	venami-1
Venus Wilde
veravixena
Vero Lomas
Verokay
Veronagymnast
Vic Alouqua
Vici-Vivacious	vici-vivacious-8
vickymuse
victoria_may89	victoria-may89-13
Victoria Sa.vikka
Victoria SG
Victoria Swarovski	victoria-swarovski-1
Victoria Turner	victoria-turner-1
Victoria Villarroel
Victoria Xavier
victoriaarias
Viki odintcova
Viktoria Lara Hochwimmer
Viktoriakpa	viktoriakpa-36
villaineraaa2
vinoschh
Vintage Starlets
Violet Myers
VIOLETT.
Violette Windal
violetvandyke	violetvandyke-3
VIP4K	vip4k-1
virdiisunique	virdiisunique-6
Virginia Franks
Vivi Sommer	vivi-sommer-1
Vivian Schmitt
vivian_suon
Vivian Taylor
vivichen
Vivienne.gr
Vixen Network	vixen-network-1
Vixenp	vixenp-12
Vixi Rafi
VixxieVie Content
Vizinha Gemendo
Vkunia
vlad_o_chka_
Vlada Erofeeva
Vladislava _661	vladislava-661-62
Vladislava Galagan	vladislava-galagan-30
Vladislava Shelygina	vladislava-shelygina-52
Volleyball Girls
vrednashka	vrednashka-1
VVKAYB	vvkayb-1
vxmpisariel
Waifumay1	waifumay1-6
WaifuMiia	waifumiia-207
Waki_lucky
Wanderingfairydoll
Wanderingrvbabe	wanderingrvbabe-5
Weather Ladies
wejdene
Wenwen170
Wet Desi
Wet Kitty	wet-kitty-8
WetVirginPussy
Whisteria	whisteria-1
White_Fairyy	white-fairyy-17
WhiteGoldGoddess	whitegoldgoddess-1
"Who Is This"	who-is-this-7
wife4bbcuk
Wild Path
Wildcat Ink
Wildnymphe
Will Tile	will-tile-6
Willa Fitzgerald
Willow.j.c	willow-j-c-54
Willowingaway8
Willowtalkk
Winnyluus
winter_28270
WoistLena
Wolfiecindy
Women With Fangs
WomenJoshi
WomenTaskmaster
WomenYEG
WoochieWobbler
Worldupmyass
WowGirls
x3oph1a	x3oph1a-7
Xandratru
XAyanari
xChocobars
xehilia	xehilia-2
Xenadreamx
Xenia_Secret
XeniaHelena	xeniahelena-23
Xeniahelenaa	xeniahelenaa-9
Xenon_ne	xenon-ne-29
XGOfficial_
xh.elen.ax2 / Helena
xisabellaabrown	xisabellaabrown-9
xkuki	xkuki-3
xlaura412
xlolaamour
xo.ltn_	xo-ltn-1
Xo.orii	xo-orii-4
XoXo_Ozzi
XoXoLunaBabyXoXo
xxhell.bunnxx
Y0nn.4 Elmo_love_u2
Yacuni Xxx
Yafavsb	yafavsb-1
Yajna Seni	yajna-seni-1
Yamiilia	yamiilia-1
Yanet Garcia	yanet-garcia-116
Yanisa Samohom
Yapishukino
Yari San
Yasmin May
Yasminka_007
yawakinchan
Yeonwoo Lee
Yessica Masiel De Leon
yessseeeniiaa
Ygwbt	ygwbt-5
yinahomefi	yinahomefi-33
yinamenez
Yoana Nikolova	yoana-nikolova-2
yogabecky
Yokopanx
Yolosi	yolosi-13
Yonca
Yoo Jung Li
Yoonchae
yoourpriincess
Your_Dolls
Yourfavxshelly	yourfavxshelly-1
Yourgirl_Romy	yourgirl-romy-12
yourgirlaya
yourgirljulsi	yourgirljulsi-9
YouRina	yourina-5
yourladyrain
YourLittleMaya	yourlittlemaya-1
yourthaigirl
Yuisoro
Yuiwoo
Yummy Fox
yunadere
YungFreckz	yungfreckz-2
Yunicorn19
Yuri Shibuya
yuzukimiiu
Yvonne Strahovski
Yvonnie	yvonnie-1
Zamara Ismale
Zander.RG
Zanna Zentio
Zara Larsson
Zarina Noir
Zartprickelnd	zartprickelnd-107
Zashia Santiago	zashia-santiago-9
Zelina Vega
zennilis
Zephyr
Zeynep Sonmez
zilla_x
Zishy
Zlatoslava Abumova
Zoe Colletti
Zoe Volf Cosplay	zoe-volf-cosplay-7
Zoella
Zoesalg
Zoey Brooks
Zoey Luna	zoey-luna-26
Zooey Deschanel
リリ♡ Riribebe123	riribebe123
